time,c,m,value,replicate
0.0,0.5,0.3,0.09133782799787116,1
0.5,0.5,0.3,0.0,1
1.0,0.5,0.3,0.23273322492363396,1
1.5,0.5,0.3,0.21897125374169174,1
2.0,0.5,0.3,0.29144891167430365,1
2.5,0.5,0.3,0.24268652064360274,1
3.0,0.5,0.3,0.3057237426189153,1
3.5,0.5,0.3,0.20325401777250107,1
4.0,0.5,0.3,0.16151170225108996,1
4.5,0.5,0.3,0.20155940907198314,1
5.0,0.5,0.3,0.17961526342765974,1
5.5,0.5,0.3,0.12630200217322055,1
6.0,0.5,0.3,0.11877655027913053,1
6.5,0.5,0.3,0.15506232382751214,1
7.0,0.5,0.3,0.1432220782487072,1
7.5,0.5,0.3,0.0731686865224378,1
8.0,0.5,0.3,0.07023499560574364,1
8.5,0.5,0.3,0.0,1
9.0,0.5,0.3,0.15654235317557735,1
9.5,0.5,0.3,0.05444749011379093,1
10.0,0.5,0.3,0.12625667774953056,1
10.5,0.5,0.3,0.07458970080399832,1
11.0,0.5,0.3,0.14577705541010255,1
11.5,0.5,0.3,0.12078596417909315,1
12.0,0.5,0.3,0.05564027827737099,1
12.5,0.5,0.3,0.10996001191714722,1
13.0,0.5,0.3,0.0,1
13.5,0.5,0.3,0.09230191812401886,1
14.0,0.5,0.3,0.0,1
14.5,0.5,0.3,0.04117574704866648,1
15.0,0.5,0.3,0.0749574372548007,1
15.5,0.5,0.3,0.030815194605078405,1
16.0,0.5,0.3,0.0,1
16.5,0.5,0.3,0.0,1
17.0,0.5,0.3,0.0,1
17.5,0.5,0.3,0.06568015644317274,1
18.0,0.5,0.3,0.0564086139974561,1
18.5,0.5,0.3,0.0,1
19.0,0.5,0.3,0.0,1
19.5,0.5,0.3,0.04247233151172952,1
20.0,0.5,0.3,0.0,1
0.0,0.5,0.8,0.0,1
0.5,0.5,0.8,0.06330768598894063,1
1.0,0.5,0.8,0.19104640899932263,1
1.5,0.5,0.8,0.19066948295505098,1
2.0,0.5,0.8,0.2092922142907772,1
2.5,0.5,0.8,0.1966506330114205,1
3.0,0.5,0.8,0.14002511301630585,1
3.5,0.5,0.8,0.18851697061187794,1
4.0,0.5,0.8,0.2188981010745612,1
4.5,0.5,0.8,0.13275872365334446,1
5.0,0.5,0.8,0.1530218669746446,1
5.5,0.5,0.8,0.10256309430205221,1
6.0,0.5,0.8,0.14874415492148643,1
6.5,0.5,0.8,0.12010958578333286,1
7.0,0.5,0.8,0.12102882284470837,1
7.5,0.5,0.8,0.086075504097005,1
8.0,0.5,0.8,0.14296498266482868,1
8.5,0.5,0.8,0.036039977281173745,1
9.0,0.5,0.8,0.03127010971755241,1
9.5,0.5,0.8,0.012941949280377004,1
10.0,0.5,0.8,0.06824645379199822,1
10.5,0.5,0.8,0.002284632253038505,1
11.0,0.5,0.8,0.0,1
11.5,0.5,0.8,0.0625913486776663,1
12.0,0.5,0.8,0.08132814967950891,1
12.5,0.5,0.8,0.04928738594370349,1
13.0,0.5,0.8,0.0,1
13.5,0.5,0.8,0.0,1
14.0,0.5,0.8,0.0,1
14.5,0.5,0.8,0.0,1
15.0,0.5,0.8,0.0,1
15.5,0.5,0.8,0.100803483206336,1
16.0,0.5,0.8,0.0,1
16.5,0.5,0.8,0.0,1
17.0,0.5,0.8,0.04183558386383285,1
17.5,0.5,0.8,0.009564255545453156,1
18.0,0.5,0.8,0.011441178587706751,1
18.5,0.5,0.8,0.0,1
19.0,0.5,0.8,0.004165404345886909,1
19.5,0.5,0.8,0.02548230483923076,1
20.0,0.5,0.8,0.0,1
0.0,0.5,1.3,0.0,1
0.5,0.5,1.3,0.11096168615100975,1
1.0,0.5,1.3,0.12804242084961295,1
1.5,0.5,1.3,0.07277394973637831,1
2.0,0.5,1.3,0.04917830142808243,1
2.5,0.5,1.3,0.08718832129035815,1
3.0,0.5,1.3,0.029975218706382818,1
3.5,0.5,1.3,0.06444149638353178,1
4.0,0.5,1.3,0.15540103609612105,1
4.5,0.5,1.3,0.07105057863205648,1
5.0,0.5,1.3,0.11488598683842022,1
5.5,0.5,1.3,0.03824453994145665,1
6.0,0.5,1.3,0.061384271442188665,1
6.5,0.5,1.3,0.1064716911480631,1
7.0,0.5,1.3,0.0,1
7.5,0.5,1.3,0.010354907143675113,1
8.0,0.5,1.3,0.01604826195251214,1
8.5,0.5,1.3,0.03466629278865463,1
9.0,0.5,1.3,0.09537394158598124,1
9.5,0.5,1.3,0.04948374057110106,1
10.0,0.5,1.3,0.0,1
10.5,0.5,1.3,0.0,1
11.0,0.5,1.3,0.0,1
11.5,0.5,1.3,0.0,1
12.0,0.5,1.3,0.10834494924784274,1
12.5,0.5,1.3,0.0,1
13.0,0.5,1.3,0.017052727645691258,1
13.5,0.5,1.3,0.0,1
14.0,0.5,1.3,0.04690294905379417,1
14.5,0.5,1.3,0.020992271771995277,1
15.0,0.5,1.3,0.009209197024095228,1
15.5,0.5,1.3,0.0,1
16.0,0.5,1.3,0.05897526501442751,1
16.5,0.5,1.3,0.0,1
17.0,0.5,1.3,0.0,1
17.5,0.5,1.3,0.0,1
18.0,0.5,1.3,0.06785984685400057,1
18.5,0.5,1.3,0.0,1
19.0,0.5,1.3,0.0,1
19.5,0.5,1.3,0.0,1
20.0,0.5,1.3,0.1255961700764179,1
0.0,1.0,0.3,0.0,1
0.5,1.0,0.3,0.1323024665591362,1
1.0,1.0,0.3,0.16031337157250114,1
1.5,1.0,0.3,0.15817070219320387,1
2.0,1.0,0.3,0.13081701827379466,1
2.5,1.0,0.3,0.1467112801781097,1
3.0,1.0,0.3,0.13887320436894074,1
3.5,1.0,0.3,0.03684456359552951,1
4.0,1.0,0.3,0.2664725002033431,1
4.5,1.0,0.3,0.17263363348584632,1
5.0,1.0,0.3,0.12187052494704291,1
5.5,1.0,0.3,0.09604697247391264,1
6.0,1.0,0.3,0.05751037348851602,1
6.5,1.0,0.3,0.13592091386815996,1
7.0,1.0,0.3,0.07121759595457963,1
7.5,1.0,0.3,0.09729685395695332,1
8.0,1.0,0.3,0.0,1
8.5,1.0,0.3,0.07961497516722973,1
9.0,1.0,0.3,0.1552073563724397,1
9.5,1.0,0.3,0.03570304053724238,1
10.0,1.0,0.3,0.08562436492604808,1
10.5,1.0,0.3,0.04324665497390386,1
11.0,1.0,0.3,0.09296802479075819,1
11.5,1.0,0.3,0.08765012001383934,1
12.0,1.0,0.3,0.03424289124919036,1
12.5,1.0,0.3,0.00034625393393353937,1
13.0,1.0,0.3,0.04008587945605979,1
13.5,1.0,0.3,0.02549363254326613,1
14.0,1.0,0.3,0.0,1
14.5,1.0,0.3,0.042163125962643044,1
15.0,1.0,0.3,0.03919536621943429,1
15.5,1.0,0.3,0.0,1
16.0,1.0,0.3,0.00895077321206861,1
16.5,1.0,0.3,0.15926024327360122,1
17.0,1.0,0.3,0.052843389807092425,1
17.5,1.0,0.3,0.015798380744822017,1
18.0,1.0,0.3,0.13547068543645846,1
18.5,1.0,0.3,0.0,1
19.0,1.0,0.3,0.0,1
19.5,1.0,0.3,0.0,1
20.0,1.0,0.3,0.0,1
0.0,1.0,0.8,0.013002752712502336,1
0.5,1.0,0.8,0.19387171299262046,1
1.0,1.0,0.8,0.11401410578773583,1
1.5,1.0,0.8,0.31416605202231995,1
2.0,1.0,0.8,0.2074440269017348,1
2.5,1.0,0.8,0.27731271092679105,1
3.0,1.0,0.8,0.2750008278775292,1
3.5,1.0,0.8,0.25644513433715377,1
4.0,1.0,0.8,0.21642783998055246,1
4.5,1.0,0.8,0.2055144634684357,1
5.0,1.0,0.8,0.12144781229897347,1
5.5,1.0,0.8,0.17485894037137484,1
6.0,1.0,0.8,0.19370733885234462,1
6.5,1.0,0.8,0.17616391710368345,1
7.0,1.0,0.8,0.24697096827737103,1
7.5,1.0,0.8,0.1582587184881611,1
8.0,1.0,0.8,0.12939952064680615,1
8.5,1.0,0.8,0.16635343262345315,1
9.0,1.0,0.8,0.08635824360024785,1
9.5,1.0,0.8,0.0018584752580398378,1
10.0,1.0,0.8,0.0,1
10.5,1.0,0.8,0.11671296180585265,1
11.0,1.0,0.8,0.07560610996700563,1
11.5,1.0,0.8,0.08449626888090808,1
12.0,1.0,0.8,0.020957667142261067,1
12.5,1.0,0.8,0.050798595010445036,1
13.0,1.0,0.8,0.12406604394268708,1
13.5,1.0,0.8,0.043466347761673255,1
14.0,1.0,0.8,0.0,1
14.5,1.0,0.8,0.0,1
15.0,1.0,0.8,0.08824692148333625,1
15.5,1.0,0.8,0.0,1
16.0,1.0,0.8,0.0,1
16.5,1.0,0.8,0.0,1
17.0,1.0,0.8,0.0,1
17.5,1.0,0.8,0.05071585879585168,1
18.0,1.0,0.8,0.014012557743794948,1
18.5,1.0,0.8,0.0,1
19.0,1.0,0.8,0.0,1
19.5,1.0,0.8,0.0011145176356046269,1
20.0,1.0,0.8,0.0,1
0.0,1.0,1.3,0.0,1
0.5,1.0,1.3,0.05239093904432197,1
1.0,1.0,1.3,0.060105587161037054,1
1.5,1.0,1.3,0.20293169355456395,1
2.0,1.0,1.3,0.0,1
2.5,1.0,1.3,0.11831178779449664,1
3.0,1.0,1.3,0.05429617195165053,1
3.5,1.0,1.3,0.1314571939368842,1
4.0,1.0,1.3,0.07493742908936728,1
4.5,1.0,1.3,0.09567517648292448,1
5.0,1.0,1.3,0.09513083942496145,1
5.5,1.0,1.3,0.0706795525937503,1
6.0,1.0,1.3,0.10258865927674181,1
6.5,1.0,1.3,0.0,1
7.0,1.0,1.3,0.08814515380728116,1
7.5,1.0,1.3,0.024431190171778302,1
8.0,1.0,1.3,0.04985519181922522,1
8.5,1.0,1.3,0.10465784227903158,1
9.0,1.0,1.3,0.07956174187838849,1
9.5,1.0,1.3,0.11949112315540385,1
10.0,1.0,1.3,0.0,1
10.5,1.0,1.3,0.0,1
11.0,1.0,1.3,0.061526982306107245,1
11.5,1.0,1.3,0.0,1
12.0,1.0,1.3,0.0009192869275038672,1
12.5,1.0,1.3,0.0941212769782783,1
13.0,1.0,1.3,0.05131432979917802,1
13.5,1.0,1.3,0.0,1
14.0,1.0,1.3,0.028405865399404078,1
14.5,1.0,1.3,0.037228107300683676,1
15.0,1.0,1.3,0.007678416653215972,1
15.5,1.0,1.3,0.0,1
16.0,1.0,1.3,0.010327168583676166,1
16.5,1.0,1.3,0.0,1
17.0,1.0,1.3,0.008775397472717047,1
17.5,1.0,1.3,0.0,1
18.0,1.0,1.3,0.021525504464752546,1
18.5,1.0,1.3,0.023064528414553493,1
19.0,1.0,1.3,0.0,1
19.5,1.0,1.3,0.03184259645950891,1
20.0,1.0,1.3,0.01884040766246879,1
0.0,1.5,0.3,0.0,1
0.5,1.5,0.3,0.1213534908544984,1
1.0,1.5,0.3,0.11402920837107679,1
1.5,1.5,0.3,0.13598427418140474,1
2.0,1.5,0.3,0.160472258826584,1
2.5,1.5,0.3,0.15190993178901768,1
3.0,1.5,0.3,0.20580318423397653,1
3.5,1.5,0.3,0.0215380140764109,1
4.0,1.5,0.3,0.11526289241970605,1
4.5,1.5,0.3,0.02035654711904157,1
5.0,1.5,0.3,0.08530627354868481,1
5.5,1.5,0.3,0.11417269063670656,1
6.0,1.5,0.3,0.09294189930947919,1
6.5,1.5,0.3,0.1330947662339308,1
7.0,1.5,0.3,0.0931353984911024,1
7.5,1.5,0.3,0.0,1
8.0,1.5,0.3,0.007949649725345447,1
8.5,1.5,0.3,0.13587315933212415,1
9.0,1.5,0.3,0.1307888156678336,1
9.5,1.5,0.3,0.052855733762308954,1
10.0,1.5,0.3,0.0,1
10.5,1.5,0.3,0.1478584973622166,1
11.0,1.5,0.3,0.0,1
11.5,1.5,0.3,0.047483119878439464,1
12.0,1.5,0.3,0.026347274740250077,1
12.5,1.5,0.3,0.038076610017062154,1
13.0,1.5,0.3,0.0,1
13.5,1.5,0.3,0.0007236507431008024,1
14.0,1.5,0.3,0.07233412938538822,1
14.5,1.5,0.3,0.0,1
15.0,1.5,0.3,0.0,1
15.5,1.5,0.3,0.012090883533871305,1
16.0,1.5,0.3,0.01577962158981338,1
16.5,1.5,0.3,0.003094420654129895,1
17.0,1.5,0.3,0.0,1
17.5,1.5,0.3,0.03453734049747958,1
18.0,1.5,0.3,0.00010148513670419843,1
18.5,1.5,0.3,0.0,1
19.0,1.5,0.3,0.015609433968766354,1
19.5,1.5,0.3,0.0023534367391959774,1
20.0,1.5,0.3,0.010435230688839548,1
0.0,1.5,0.8,0.0,1
0.5,1.5,0.8,0.0768302574686116,1
1.0,1.5,0.8,0.20272732232178556,1
1.5,1.5,0.8,0.25685876006339897,1
2.0,1.5,0.8,0.23719635201401215,1
2.5,1.5,0.8,0.22526104954503456,1
3.0,1.5,0.8,0.2442004131855562,1
3.5,1.5,0.8,0.24400221305361305,1
4.0,1.5,0.8,0.26855380907494464,1
4.5,1.5,0.8,0.18864234917186065,1
5.0,1.5,0.8,0.12201387589034964,1
5.5,1.5,0.8,0.1603952971117104,1
6.0,1.5,0.8,0.025786405998458328,1
6.5,1.5,0.8,0.1143148333305462,1
7.0,1.5,0.8,0.07827516904001282,1
7.5,1.5,0.8,0.08941000523106099,1
8.0,1.5,0.8,0.10610367782727195,1
8.5,1.5,0.8,0.07589407957187813,1
9.0,1.5,0.8,0.0,1
9.5,1.5,0.8,0.0413549636876091,1
10.0,1.5,0.8,0.013140915534966179,1
10.5,1.5,0.8,0.04685201676933902,1
11.0,1.5,0.8,0.061069712238814966,1
11.5,1.5,0.8,0.0,1
12.0,1.5,0.8,0.07144413098471386,1
12.5,1.5,0.8,0.09634615012417205,1
13.0,1.5,0.8,0.014519305286954184,1
13.5,1.5,0.8,0.06164481309051421,1
14.0,1.5,0.8,0.0,1
14.5,1.5,0.8,0.0,1
15.0,1.5,0.8,0.06642966960846637,1
15.5,1.5,0.8,0.0,1
16.0,1.5,0.8,0.0,1
16.5,1.5,0.8,0.0,1
17.0,1.5,0.8,0.06926799944012439,1
17.5,1.5,0.8,0.06788692638359806,1
18.0,1.5,0.8,0.0,1
18.5,1.5,0.8,0.014668189953539584,1
19.0,1.5,0.8,0.0,1
19.5,1.5,0.8,0.0493204172019981,1
20.0,1.5,0.8,0.023593225696456426,1
0.0,1.5,1.3,0.0660838257134806,1
0.5,1.5,1.3,0.0,1
1.0,1.5,1.3,0.1589547633706842,1
1.5,1.5,1.3,0.14600797004601443,1
2.0,1.5,1.3,0.03872410167747703,1
2.5,1.5,1.3,0.130697510389027,1
3.0,1.5,1.3,0.1519700546147966,1
3.5,1.5,1.3,0.1841427618783869,1
4.0,1.5,1.3,0.14075011321134637,1
4.5,1.5,1.3,0.09206372334796348,1
5.0,1.5,1.3,0.12762110440496371,1
5.5,1.5,1.3,0.0882726065710483,1
6.0,1.5,1.3,0.050474811789566774,1
6.5,1.5,1.3,0.022295907869764167,1
7.0,1.5,1.3,0.07208694950719244,1
7.5,1.5,1.3,0.06474949521443663,1
8.0,1.5,1.3,0.14212161833629838,1
8.5,1.5,1.3,0.021391836985698118,1
9.0,1.5,1.3,0.11884531232714172,1
9.5,1.5,1.3,0.051452152383900204,1
10.0,1.5,1.3,0.08866679890061631,1
10.5,1.5,1.3,0.0,1
11.0,1.5,1.3,0.0,1
11.5,1.5,1.3,0.00465983000444679,1
12.0,1.5,1.3,0.06241875699286984,1
12.5,1.5,1.3,0.02426473622103012,1
13.0,1.5,1.3,0.05122779169362871,1
13.5,1.5,1.3,0.02780592221840907,1
14.0,1.5,1.3,0.06189792820756551,1
14.5,1.5,1.3,0.019090749885174396,1
15.0,1.5,1.3,0.0,1
15.5,1.5,1.3,0.032812843798379177,1
16.0,1.5,1.3,0.0107388826688323,1
16.5,1.5,1.3,0.09288798628093574,1
17.0,1.5,1.3,0.0,1
17.5,1.5,1.3,0.009660927760653689,1
18.0,1.5,1.3,0.0,1
18.5,1.5,1.3,0.06104458671097469,1
19.0,1.5,1.3,0.046571993829161155,1
19.5,1.5,1.3,0.03504716873954747,1
20.0,1.5,1.3,0.0,1
0.0,0.5,0.3,0.0,2
0.5,0.5,0.3,0.13336028329789362,2
1.0,0.5,0.3,0.2209319197226429,2
1.5,0.5,0.3,0.28944929518774526,2
2.0,0.5,0.3,0.13575174879304663,2
2.5,0.5,0.3,0.21488979671420255,2
3.0,0.5,0.3,0.12983763143003724,2
3.5,0.5,0.3,0.1536304218042271,2
4.0,0.5,0.3,0.1762680590938769,2
4.5,0.5,0.3,0.22068615867938773,2
5.0,0.5,0.3,0.1316790813356631,2
5.5,0.5,0.3,0.10823509478553263,2
6.0,0.5,0.3,0.1151502220188708,2
6.5,0.5,0.3,0.1819735976022829,2
7.0,0.5,0.3,0.22880192579465675,2
7.5,0.5,0.3,0.020764887553106473,2
8.0,0.5,0.3,0.07494579271189117,2
8.5,0.5,0.3,0.0586988607415051,2
9.0,0.5,0.3,0.13102206394377355,2
9.5,0.5,0.3,0.08744534437173422,2
10.0,0.5,0.3,0.1364292700578002,2
10.5,0.5,0.3,0.003110045047368157,2
11.0,0.5,0.3,0.04926754234968614,2
11.5,0.5,0.3,0.021152709898719625,2
12.0,0.5,0.3,0.0,2
12.5,0.5,0.3,0.028020141073086265,2
13.0,0.5,0.3,0.0,2
13.5,0.5,0.3,0.13800210025449636,2
14.0,0.5,0.3,0.04742237538172744,2
14.5,0.5,0.3,0.0,2
15.0,0.5,0.3,0.0,2
15.5,0.5,0.3,0.10626541197913784,2
16.0,0.5,0.3,0.0,2
16.5,0.5,0.3,0.0507573871977281,2
17.0,0.5,0.3,0.043697075629642146,2
17.5,0.5,0.3,0.06776048268172127,2
18.0,0.5,0.3,0.04360241346819837,2
18.5,0.5,0.3,0.00022411135541374784,2
19.0,0.5,0.3,0.0,2
19.5,0.5,0.3,0.0,2
20.0,0.5,0.3,0.0055494294021780095,2
0.0,0.5,0.8,0.006935077556602054,2
0.5,0.5,0.8,0.08203937401791503,2
1.0,0.5,0.8,0.14670128031487942,2
1.5,0.5,0.8,0.11817435862824116,2
2.0,0.5,0.8,0.29475798675051235,2
2.5,0.5,0.8,0.15797959900497188,2
3.0,0.5,0.8,0.12215178525107018,2
3.5,0.5,0.8,0.1318926312058381,2
4.0,0.5,0.8,0.13985153721813004,2
4.5,0.5,0.8,0.17169224927073945,2
5.0,0.5,0.8,0.0,2
5.5,0.5,0.8,0.1346460456777088,2
6.0,0.5,0.8,0.06652400020389569,2
6.5,0.5,0.8,0.07781601906496934,2
7.0,0.5,0.8,0.1281109830668233,2
7.5,0.5,0.8,0.10698915989847134,2
8.0,0.5,0.8,0.02705579934414045,2
8.5,0.5,0.8,0.04946085653890512,2
9.0,0.5,0.8,0.1416791444928713,2
9.5,0.5,0.8,0.11068986493390118,2
10.0,0.5,0.8,0.08123642566309858,2
10.5,0.5,0.8,0.03398601308949341,2
11.0,0.5,0.8,0.07788436990960525,2
11.5,0.5,0.8,0.04623951528323383,2
12.0,0.5,0.8,0.0,2
12.5,0.5,0.8,0.0,2
13.0,0.5,0.8,0.04457158943558129,2
13.5,0.5,0.8,0.03546080366204027,2
14.0,0.5,0.8,0.07486833499719606,2
14.5,0.5,0.8,0.0,2
15.0,0.5,0.8,0.08155075077315438,2
15.5,0.5,0.8,0.0,2
16.0,0.5,0.8,0.07181052930774859,2
16.5,0.5,0.8,0.03532303606516381,2
17.0,0.5,0.8,0.0,2
17.5,0.5,0.8,0.0,2
18.0,0.5,0.8,0.0,2
18.5,0.5,0.8,0.0,2
19.0,0.5,0.8,0.05145391903861553,2
19.5,0.5,0.8,0.0,2
20.0,0.5,0.8,0.0,2
0.0,0.5,1.3,0.0,2
0.5,0.5,1.3,0.15306310476306206,2
1.0,0.5,1.3,0.16800230106219255,2
1.5,0.5,1.3,0.06720477513288525,2
2.0,0.5,1.3,0.08666547317428427,2
2.5,0.5,1.3,0.11259647724071456,2
3.0,0.5,1.3,0.05667819849174192,2
3.5,0.5,1.3,0.06936897620585858,2
4.0,0.5,1.3,0.059253851218814546,2
4.5,0.5,1.3,0.012121750049968905,2
5.0,0.5,1.3,0.025822266994660337,2
5.5,0.5,1.3,0.02530111142510956,2
6.0,0.5,1.3,0.05483165502347611,2
6.5,0.5,1.3,0.0,2
7.0,0.5,1.3,0.03756529275874694,2
7.5,0.5,1.3,0.0,2
8.0,0.5,1.3,0.0,2
8.5,0.5,1.3,0.0,2
9.0,0.5,1.3,0.21844111319638526,2
9.5,0.5,1.3,0.07820679330104507,2
10.0,0.5,1.3,0.08048144862567375,2
10.5,0.5,1.3,0.05203328350145624,2
11.0,0.5,1.3,0.0,2
11.5,0.5,1.3,0.011809331608574074,2
12.0,0.5,1.3,0.021717150555108082,2
12.5,0.5,1.3,0.028619289543935243,2
13.0,0.5,1.3,0.035122979508331174,2
13.5,0.5,1.3,0.08097453305240764,2
14.0,0.5,1.3,0.0,2
14.5,0.5,1.3,0.0,2
15.0,0.5,1.3,0.03684638984345491,2
15.5,0.5,1.3,0.0,2
16.0,0.5,1.3,0.0,2
16.5,0.5,1.3,0.07647622783616935,2
17.0,0.5,1.3,0.011242004315989299,2
17.5,0.5,1.3,0.09057326846152647,2
18.0,0.5,1.3,0.0,2
18.5,0.5,1.3,0.012950239251922725,2
19.0,0.5,1.3,0.0,2
19.5,0.5,1.3,0.0,2
20.0,0.5,1.3,0.0,2
0.0,1.0,0.3,0.0031760999199304135,2
0.5,1.0,0.3,0.0726055564697003,2
1.0,1.0,0.3,0.06971748478322626,2
1.5,1.0,0.3,0.19171669223948878,2
2.0,1.0,0.3,0.16909455494314168,2
2.5,1.0,0.3,0.16397428626855995,2
3.0,1.0,0.3,0.11774461362784985,2
3.5,1.0,0.3,0.22982328701043378,2
4.0,1.0,0.3,0.21092283058025524,2
4.5,1.0,0.3,0.14185624889908938,2
5.0,1.0,0.3,0.11032467244773872,2
5.5,1.0,0.3,0.11892158076000416,2
6.0,1.0,0.3,0.1818865765274411,2
6.5,1.0,0.3,0.22903182735176225,2
7.0,1.0,0.3,0.08122210303013484,2
7.5,1.0,0.3,0.05204371183457093,2
8.0,1.0,0.3,0.0,2
8.5,1.0,0.3,0.20065600363415204,2
9.0,1.0,0.3,9.193465060453043e-06,2
9.5,1.0,0.3,0.09389844292200882,2
10.0,1.0,0.3,0.07071030642147201,2
10.5,1.0,0.3,0.10827691744186582,2
11.0,1.0,0.3,0.0,2
11.5,1.0,0.3,0.0,2
12.0,1.0,0.3,0.03868437096050164,2
12.5,1.0,0.3,0.04896206797754771,2
13.0,1.0,0.3,0.08331644535486701,2
13.5,1.0,0.3,0.0,2
14.0,1.0,0.3,0.0,2
14.5,1.0,0.3,0.0062459768512565,2
15.0,1.0,0.3,0.0,2
15.5,1.0,0.3,0.007912756878847288,2
16.0,1.0,0.3,0.05463530354537222,2
16.5,1.0,0.3,0.011595562769561727,2
17.0,1.0,0.3,0.0,2
17.5,1.0,0.3,0.028349192147555213,2
18.0,1.0,0.3,0.0529812989206426,2
18.5,1.0,0.3,0.035962738825526384,2
19.0,1.0,0.3,0.047818976508938064,2
19.5,1.0,0.3,0.0,2
20.0,1.0,0.3,0.029953357766767906,2
0.0,1.0,0.8,0.030156570544683438,2
0.5,1.0,0.8,0.12636421321548824,2
1.0,1.0,0.8,0.2199022094882678,2
1.5,1.0,0.8,0.21980173825683919,2
2.0,1.0,0.8,0.3307792397978984,2
2.5,1.0,0.8,0.24968441969042754,2
3.0,1.0,0.8,0.2046883284316297,2
3.5,1.0,0.8,0.24429610049690603,2
4.0,1.0,0.8,0.22177304793632704,2
4.5,1.0,0.8,0.2305574003572824,2
5.0,1.0,0.8,0.13682537705062855,2
5.5,1.0,0.8,0.12722241795684813,2
6.0,1.0,0.8,0.1640602967459823,2
6.5,1.0,0.8,0.2418988460144345,2
7.0,1.0,0.8,0.13984807863009313,2
7.5,1.0,0.8,0.036042261307678805,2
8.0,1.0,0.8,0.10168189397755265,2
8.5,1.0,0.8,0.04435104392147608,2
9.0,1.0,0.8,0.0,2
9.5,1.0,0.8,0.032242051077424054,2
10.0,1.0,0.8,0.030591682142678076,2
10.5,1.0,0.8,0.07397160687527791,2
11.0,1.0,0.8,0.11346290630524176,2
11.5,1.0,0.8,0.0992802509417389,2
12.0,1.0,0.8,0.07826291301039581,2
12.5,1.0,0.8,0.012065599632210294,2
13.0,1.0,0.8,0.03793003835874314,2
13.5,1.0,0.8,0.024891720224417498,2
14.0,1.0,0.8,0.09453893368255283,2
14.5,1.0,0.8,0.0,2
15.0,1.0,0.8,0.0,2
15.5,1.0,0.8,0.09201822331148422,2
16.0,1.0,0.8,0.04419617392204929,2
16.5,1.0,0.8,0.0,2
17.0,1.0,0.8,0.020491316074214127,2
17.5,1.0,0.8,0.018433184327938938,2
18.0,1.0,0.8,0.019253795206010317,2
18.5,1.0,0.8,0.0488510433233078,2
19.0,1.0,0.8,0.02622466117558129,2
19.5,1.0,0.8,0.0,2
20.0,1.0,0.8,0.0,2
0.0,1.0,1.3,0.0,2
0.5,1.0,1.3,0.04301380567052028,2
1.0,1.0,1.3,0.15582097048653754,2
1.5,1.0,1.3,0.12438382817134964,2
2.0,1.0,1.3,0.08335909591064061,2
2.5,1.0,1.3,0.10027868663425368,2
3.0,1.0,1.3,0.06236222091348001,2
3.5,1.0,1.3,0.1109382783030693,2
4.0,1.0,1.3,0.1874884702766958,2
4.5,1.0,1.3,0.16818844586712817,2
5.0,1.0,1.3,0.12893211501251697,2
5.5,1.0,1.3,0.09990994084861983,2
6.0,1.0,1.3,0.04204693415187372,2
6.5,1.0,1.3,0.0,2
7.0,1.0,1.3,0.0415421820690034,2
7.5,1.0,1.3,0.01334435224039204,2
8.0,1.0,1.3,0.07294068475036963,2
8.5,1.0,1.3,0.03529767916748053,2
9.0,1.0,1.3,0.0,2
9.5,1.0,1.3,0.04349661299637422,2
10.0,1.0,1.3,0.16445858214385844,2
10.5,1.0,1.3,0.0,2
11.0,1.0,1.3,0.07082455151350163,2
11.5,1.0,1.3,0.04203186163586328,2
12.0,1.0,1.3,0.005838572707336134,2
12.5,1.0,1.3,0.0,2
13.0,1.0,1.3,0.009326405855702984,2
13.5,1.0,1.3,0.01832896548585744,2
14.0,1.0,1.3,0.045010698480028324,2
14.5,1.0,1.3,0.04100046135074151,2
15.0,1.0,1.3,0.021091776297805304,2
15.5,1.0,1.3,0.0,2
16.0,1.0,1.3,0.019173990386111398,2
16.5,1.0,1.3,0.0,2
17.0,1.0,1.3,0.0,2
17.5,1.0,1.3,0.04774369081915162,2
18.0,1.0,1.3,0.0,2
18.5,1.0,1.3,0.0,2
19.0,1.0,1.3,0.006304440691540454,2
19.5,1.0,1.3,0.0,2
20.0,1.0,1.3,0.0,2
0.0,1.5,0.3,0.023013869756919676,2
0.5,1.5,0.3,0.06456640932706743,2
1.0,1.5,0.3,0.14210460834815195,2
1.5,1.5,0.3,0.25855620125066425,2
2.0,1.5,0.3,0.22836001170798195,2
2.5,1.5,0.3,0.20199693361848708,2
3.0,1.5,0.3,0.17915801675688808,2
3.5,1.5,0.3,0.11475956614415239,2
4.0,1.5,0.3,0.12417605184612908,2
4.5,1.5,0.3,0.1071331580473349,2
5.0,1.5,0.3,0.11329827805675503,2
5.5,1.5,0.3,0.10869747587585116,2
6.0,1.5,0.3,0.05380107042517855,2
6.5,1.5,0.3,0.16707275385019532,2
7.0,1.5,0.3,0.026892864302219682,2
7.5,1.5,0.3,0.0903944376714003,2
8.0,1.5,0.3,0.11775992212138407,2
8.5,1.5,0.3,0.058865854556737596,2
9.0,1.5,0.3,0.021591120273755253,2
9.5,1.5,0.3,0.051909350999806564,2
10.0,1.5,0.3,0.1430343020973673,2
10.5,1.5,0.3,0.0732234875715882,2
11.0,1.5,0.3,0.02380748170568272,2
11.5,1.5,0.3,0.06422349032210704,2
12.0,1.5,0.3,0.022122469670402316,2
12.5,1.5,0.3,0.0,2
13.0,1.5,0.3,0.03886252308158024,2
13.5,1.5,0.3,0.0764900820312036,2
14.0,1.5,0.3,0.08000039733064887,2
14.5,1.5,0.3,0.01703764127059288,2
15.0,1.5,0.3,0.0,2
15.5,1.5,0.3,0.07689884579050221,2
16.0,1.5,0.3,0.007717917885348044,2
16.5,1.5,0.3,0.0510095955240049,2
17.0,1.5,0.3,0.06944909787105694,2
17.5,1.5,0.3,0.028713632321832584,2
18.0,1.5,0.3,0.007638708502527833,2
18.5,1.5,0.3,0.0,2
19.0,1.5,0.3,0.0,2
19.5,1.5,0.3,0.00961445838693211,2
20.0,1.5,0.3,0.0,2
0.0,1.5,0.8,0.018000923874704772,2
0.5,1.5,0.8,0.02164782017964545,2
1.0,1.5,0.8,0.13313104063530323,2
1.5,1.5,0.8,0.21235289326640103,2
2.0,1.5,0.8,0.18859791863920047,2
2.5,1.5,0.8,0.19364030508765828,2
3.0,1.5,0.8,0.1538664334201262,2
3.5,1.5,0.8,0.2310680270486882,2
4.0,1.5,0.8,0.2641293036990585,2
4.5,1.5,0.8,0.11683467416233898,2
5.0,1.5,0.8,0.20973914564870805,2
5.5,1.5,0.8,0.06522719716332327,2
6.0,1.5,0.8,0.13172873332300755,2
6.5,1.5,0.8,0.012285035656681667,2
7.0,1.5,0.8,0.12558450632244117,2
7.5,1.5,0.8,0.0921701251350107,2
8.0,1.5,0.8,0.08889078180765804,2
8.5,1.5,0.8,0.1343928380628575,2
9.0,1.5,0.8,0.09559710762374661,2
9.5,1.5,0.8,0.057776438589236756,2
10.0,1.5,0.8,0.01197063727661362,2
10.5,1.5,0.8,0.04994589717586017,2
11.0,1.5,0.8,0.007775702150014802,2
11.5,1.5,0.8,0.01683146375476588,2
12.0,1.5,0.8,0.10789661066798704,2
12.5,1.5,0.8,0.07416125775273036,2
13.0,1.5,0.8,0.041475943230999714,2
13.5,1.5,0.8,0.05558827818832151,2
14.0,1.5,0.8,0.0,2
14.5,1.5,0.8,0.024450004354870814,2
15.0,1.5,0.8,0.0,2
15.5,1.5,0.8,0.0,2
16.0,1.5,0.8,0.03176997721387033,2
16.5,1.5,0.8,0.030548630997647687,2
17.0,1.5,0.8,0.045288929792771965,2
17.5,1.5,0.8,0.016652423372167706,2
18.0,1.5,0.8,0.010187021184407558,2
18.5,1.5,0.8,0.006419312400695577,2
19.0,1.5,0.8,0.07585176265369613,2
19.5,1.5,0.8,0.06972025610939202,2
20.0,1.5,0.8,0.0,2
0.0,1.5,1.3,0.003918276951095739,2
0.5,1.5,1.3,0.15459552555180964,2
1.0,1.5,1.3,0.12630344409834157,2
1.5,1.5,1.3,0.17206838294322913,2
2.0,1.5,1.3,0.13651961810347168,2
2.5,1.5,1.3,0.10242435947005031,2
3.0,1.5,1.3,0.15959273975447566,2
3.5,1.5,1.3,0.12022367014998858,2
4.0,1.5,1.3,0.11931316085906103,2
4.5,1.5,1.3,0.04170825653835718,2
5.0,1.5,1.3,0.043308097716420954,2
5.5,1.5,1.3,0.08266535415969162,2
6.0,1.5,1.3,0.05606472011910146,2
6.5,1.5,1.3,0.09579369736750118,2
7.0,1.5,1.3,0.0067334795500781155,2
7.5,1.5,1.3,0.08679358033411955,2
8.0,1.5,1.3,0.07271104097566108,2
8.5,1.5,1.3,0.042592017437375215,2
9.0,1.5,1.3,0.06463332412008696,2
9.5,1.5,1.3,0.023327735892968715,2
10.0,1.5,1.3,0.013373675037018324,2
10.5,1.5,1.3,0.017834821313513848,2
11.0,1.5,1.3,0.0,2
11.5,1.5,1.3,0.010867131095171366,2
12.0,1.5,1.3,0.04997777472528712,2
12.5,1.5,1.3,0.0,2
13.0,1.5,1.3,0.04008822279206598,2
13.5,1.5,1.3,0.0,2
14.0,1.5,1.3,0.0,2
14.5,1.5,1.3,0.005579136145591867,2
15.0,1.5,1.3,0.012319626654325202,2
15.5,1.5,1.3,0.06699526238619173,2
16.0,1.5,1.3,0.0,2
16.5,1.5,1.3,0.08277449731998578,2
17.0,1.5,1.3,0.0,2
17.5,1.5,1.3,0.02035035782055277,2
18.0,1.5,1.3,0.029394806596107933,2
18.5,1.5,1.3,0.0,2
19.0,1.5,1.3,0.0,2
19.5,1.5,1.3,0.0004952182552416425,2
20.0,1.5,1.3,0.02969428887913738,2
0.0,0.5,0.3,0.03589775239738186,3
0.5,0.5,0.3,0.09531883507188568,3
1.0,0.5,0.3,0.266101001281369,3
1.5,0.5,0.3,0.20305646171935646,3
2.0,0.5,0.3,0.18588874793511978,3
2.5,0.5,0.3,0.2760648057195731,3
3.0,0.5,0.3,0.27072606406158384,3
3.5,0.5,0.3,0.15002766080794988,3
4.0,0.5,0.3,0.22502064833064805,3
4.5,0.5,0.3,0.10620844543897572,3
5.0,0.5,0.3,0.15745259640962384,3
5.5,0.5,0.3,0.25527342580973567,3
6.0,0.5,0.3,0.19395179909475824,3
6.5,0.5,0.3,0.15319490467432306,3
7.0,0.5,0.3,0.13965077993918162,3
7.5,0.5,0.3,0.056357274884128165,3
8.0,0.5,0.3,0.10526455059831137,3
8.5,0.5,0.3,0.1028908136283951,3
9.0,0.5,0.3,0.021457674445695026,3
9.5,0.5,0.3,0.07653828834952922,3
10.0,0.5,0.3,0.08762922009451797,3
10.5,0.5,0.3,0.06552437943089018,3
11.0,0.5,0.3,0.07127586666943284,3
11.5,0.5,0.3,0.03395219091555244,3
12.0,0.5,0.3,0.0,3
12.5,0.5,0.3,0.03917934426379935,3
13.0,0.5,0.3,0.0,3
13.5,0.5,0.3,0.0,3
14.0,0.5,0.3,0.08297065768033428,3
14.5,0.5,0.3,0.11514170152534814,3
15.0,0.5,0.3,0.044101146554761064,3
15.5,0.5,0.3,0.0,3
16.0,0.5,0.3,0.08671285407577076,3
16.5,0.5,0.3,0.04542866906173745,3
17.0,0.5,0.3,0.007391909581035684,3
17.5,0.5,0.3,0.05294058579552754,3
18.0,0.5,0.3,0.04160747091116391,3
18.5,0.5,0.3,0.0,3
19.0,0.5,0.3,0.0,3
19.5,0.5,0.3,0.06325580339424963,3
20.0,0.5,0.3,0.0,3
0.0,0.5,0.8,0.03264426661365782,3
0.5,0.5,0.8,0.11858505135180875,3
1.0,0.5,0.8,0.2056326935285419,3
1.5,0.5,0.8,0.2688168702525451,3
2.0,0.5,0.8,0.25596992182609496,3
2.5,0.5,0.8,0.26380605569015747,3
3.0,0.5,0.8,0.21816763151048965,3
3.5,0.5,0.8,0.19037809744020745,3
4.0,0.5,0.8,0.20521986917755528,3
4.5,0.5,0.8,0.1376460046364976,3
5.0,0.5,0.8,0.07946494435335669,3
5.5,0.5,0.8,0.10860134169097928,3
6.0,0.5,0.8,0.021146743228357856,3
6.5,0.5,0.8,0.0629639155776183,3
7.0,0.5,0.8,0.183926315559039,3
7.5,0.5,0.8,0.0981486734225864,3
8.0,0.5,0.8,0.05576415709338335,3
8.5,0.5,0.8,0.02766715785876097,3
9.0,0.5,0.8,0.0,3
9.5,0.5,0.8,0.019082188076630768,3
10.0,0.5,0.8,0.0022326576752914468,3
10.5,0.5,0.8,0.03655053087363966,3
11.0,0.5,0.8,0.03667764386823693,3
11.5,0.5,0.8,0.02581408731294989,3
12.0,0.5,0.8,0.0,3
12.5,0.5,0.8,0.0958733166962693,3
13.0,0.5,0.8,0.04298070500230619,3
13.5,0.5,0.8,0.019190962680114818,3
14.0,0.5,0.8,0.0006594187212735688,3
14.5,0.5,0.8,0.037109046033912824,3
15.0,0.5,0.8,0.07580197643862506,3
15.5,0.5,0.8,0.04255235939797516,3
16.0,0.5,0.8,0.0,3
16.5,0.5,0.8,0.0,3
17.0,0.5,0.8,0.0,3
17.5,0.5,0.8,0.014087802619648758,3
18.0,0.5,0.8,0.04257322734265809,3
18.5,0.5,0.8,0.0668929916000929,3
19.0,0.5,0.8,0.011997599419043877,3
19.5,0.5,0.8,0.04544604880586037,3
20.0,0.5,0.8,0.0,3
0.0,0.5,1.3,0.02661581143257201,3
0.5,0.5,1.3,0.05099302890448768,3
1.0,0.5,1.3,0.05298319374243944,3
1.5,0.5,1.3,0.014419964701050864,3
2.0,0.5,1.3,0.15801507807076295,3
2.5,0.5,1.3,0.0,3
3.0,0.5,1.3,0.12092281181224844,3
3.5,0.5,1.3,0.04133539536345634,3
4.0,0.5,1.3,0.10313715085074758,3
4.5,0.5,1.3,0.03669782079123983,3
5.0,0.5,1.3,0.09407966725074886,3
5.5,0.5,1.3,0.03836862771367194,3
6.0,0.5,1.3,0.0,3
6.5,0.5,1.3,0.011145586709788477,3
7.0,0.5,1.3,0.0,3
7.5,0.5,1.3,0.04122013734605694,3
8.0,0.5,1.3,0.07569837201035429,3
8.5,0.5,1.3,0.04128112861409091,3
9.0,0.5,1.3,0.022768211458428656,3
9.5,0.5,1.3,0.07941415050688075,3
10.0,0.5,1.3,0.0,3
10.5,0.5,1.3,0.03876028294448418,3
11.0,0.5,1.3,0.009893930640735205,3
11.5,0.5,1.3,0.0,3
12.0,0.5,1.3,0.034363379523880216,3
12.5,0.5,1.3,0.0,3
13.0,0.5,1.3,0.0,3
13.5,0.5,1.3,0.02117419439066326,3
14.0,0.5,1.3,0.0,3
14.5,0.5,1.3,0.0,3
15.0,0.5,1.3,0.028967089455488076,3
15.5,0.5,1.3,0.04985543175046532,3
16.0,0.5,1.3,0.0,3
16.5,0.5,1.3,0.046590394221397845,3
17.0,0.5,1.3,0.0,3
17.5,0.5,1.3,0.005805910842239438,3
18.0,0.5,1.3,0.0,3
18.5,0.5,1.3,0.0398300764102741,3
19.0,0.5,1.3,0.0,3
19.5,0.5,1.3,0.014687491795961495,3
20.0,0.5,1.3,0.019391268738382404,3
0.0,1.0,0.3,0.03758237338255023,3
0.5,1.0,0.3,0.03765963728204916,3
1.0,1.0,0.3,0.17556834371776664,3
1.5,1.0,0.3,0.16026472512871007,3
2.0,1.0,0.3,0.2378492599798458,3
2.5,1.0,0.3,0.1460420099365883,3
3.0,1.0,0.3,0.12799324249376015,3
3.5,1.0,0.3,0.14423874017306465,3
4.0,1.0,0.3,0.12110977423876343,3
4.5,1.0,0.3,0.11765876206943027,3
5.0,1.0,0.3,0.05236651695894359,3
5.5,1.0,0.3,0.001835011520076646,3
6.0,1.0,0.3,0.023253495493119045,3
6.5,1.0,0.3,0.05853442446576779,3
7.0,1.0,0.3,0.10161808297051235,3
7.5,1.0,0.3,0.057350494261098076,3
8.0,1.0,0.3,0.018320841455952683,3
8.5,1.0,0.3,0.05247691939595319,3
9.0,1.0,0.3,0.057865295920127915,3
9.5,1.0,0.3,0.1878082357353827,3
10.0,1.0,0.3,0.10912983058115255,3
10.5,1.0,0.3,0.050434549629462505,3
11.0,1.0,0.3,0.0,3
11.5,1.0,0.3,0.025056825093302107,3
12.0,1.0,0.3,0.015497379519871304,3
12.5,1.0,0.3,0.05565366739138786,3
13.0,1.0,0.3,0.13143156573900835,3
13.5,1.0,0.3,0.019716905192518275,3
14.0,1.0,0.3,0.0,3
14.5,1.0,0.3,0.013101420736390517,3
15.0,1.0,0.3,0.0,3
15.5,1.0,0.3,0.057516117566860564,3
16.0,1.0,0.3,0.06941836492255249,3
16.5,1.0,0.3,0.029640111339412148,3
17.0,1.0,0.3,0.0,3
17.5,1.0,0.3,0.0017420132538561468,3
18.0,1.0,0.3,0.07035798550018726,3
18.5,1.0,0.3,0.0,3
19.0,1.0,0.3,0.0,3
19.5,1.0,0.3,0.020057641061368207,3
20.0,1.0,0.3,0.031475150123425284,3
0.0,1.0,0.8,0.0038388100259621385,3
0.5,1.0,0.8,0.16193804943767776,3
1.0,1.0,0.8,0.23282922358768307,3
1.5,1.0,0.8,0.22919499839769228,3
2.0,1.0,0.8,0.2646550070892075,3
2.5,1.0,0.8,0.2786312686127558,3
3.0,1.0,0.8,0.19719584113142577,3
3.5,1.0,0.8,0.24452813542177312,3
4.0,1.0,0.8,0.22091030150084323,3
4.5,1.0,0.8,0.22003103481354774,3
5.0,1.0,0.8,0.1958266218251154,3
5.5,1.0,0.8,0.10849134058446616,3
6.0,1.0,0.8,0.08180276681282321,3
6.5,1.0,0.8,0.1423569215817036,3
7.0,1.0,0.8,0.10879754536528076,3
7.5,1.0,0.8,0.10912414554282883,3
8.0,1.0,0.8,0.06490124723025426,3
8.5,1.0,0.8,0.019286592829038968,3
9.0,1.0,0.8,0.08768005071676899,3
9.5,1.0,0.8,0.05974702370145369,3
10.0,1.0,0.8,0.08992902058209207,3
10.5,1.0,0.8,0.10742513083808768,3
11.0,1.0,0.8,0.1017952399333024,3
11.5,1.0,0.8,0.0915138824774247,3
12.0,1.0,0.8,0.0,3
12.5,1.0,0.8,0.0,3
13.0,1.0,0.8,0.0,3
13.5,1.0,0.8,0.0,3
14.0,1.0,0.8,0.0,3
14.5,1.0,0.8,0.05376773198370219,3
15.0,1.0,0.8,0.0,3
15.5,1.0,0.8,0.06222213457119723,3
16.0,1.0,0.8,0.06950977331186502,3
16.5,1.0,0.8,0.14615620941742247,3
17.0,1.0,0.8,0.06356648463572272,3
17.5,1.0,0.8,0.11516135719056894,3
18.0,1.0,0.8,0.0,3
18.5,1.0,0.8,0.0,3
19.0,1.0,0.8,0.05614138391107958,3
19.5,1.0,0.8,0.0,3
20.0,1.0,0.8,0.06270596421816685,3
0.0,1.0,1.3,0.0,3
0.5,1.0,1.3,0.0,3
1.0,1.0,1.3,0.1903699822006487,3
1.5,1.0,1.3,0.056441090210262515,3
2.0,1.0,1.3,0.24027229513016957,3
2.5,1.0,1.3,0.03808011810751506,3
3.0,1.0,1.3,0.06236363168733441,3
3.5,1.0,1.3,0.10645817822980089,3
4.0,1.0,1.3,0.08700822688820913,3
4.5,1.0,1.3,0.0,3
5.0,1.0,1.3,0.07358412526537342,3
5.5,1.0,1.3,0.06938567717019391,3
6.0,1.0,1.3,0.07541509026507162,3
6.5,1.0,1.3,0.0,3
7.0,1.0,1.3,0.009970168383488246,3
7.5,1.0,1.3,0.02973003416242396,3
8.0,1.0,1.3,0.07073789015925137,3
8.5,1.0,1.3,0.03478756252484301,3
9.0,1.0,1.3,0.005689509999699659,3
9.5,1.0,1.3,0.0,3
10.0,1.0,1.3,0.09028922153973688,3
10.5,1.0,1.3,0.0,3
11.0,1.0,1.3,0.027931150744691595,3
11.5,1.0,1.3,0.0,3
12.0,1.0,1.3,0.09476297251689902,3
12.5,1.0,1.3,0.03137382829886331,3
13.0,1.0,1.3,0.0,3
13.5,1.0,1.3,0.03655341976499998,3
14.0,1.0,1.3,0.07481740263687858,3
14.5,1.0,1.3,0.04557630102388107,3
15.0,1.0,1.3,0.007809899157592616,3
15.5,1.0,1.3,0.04576382951749959,3
16.0,1.0,1.3,0.0,3
16.5,1.0,1.3,0.0,3
17.0,1.0,1.3,0.0,3
17.5,1.0,1.3,0.005673843197160723,3
18.0,1.0,1.3,0.0,3
18.5,1.0,1.3,0.07021465337650226,3
19.0,1.0,1.3,0.0,3
19.5,1.0,1.3,0.0,3
20.0,1.0,1.3,0.0,3
0.0,1.5,0.3,0.018017906333401265,3
0.5,1.5,0.3,0.08708428099397221,3
1.0,1.5,0.3,0.1844164246253743,3
1.5,1.5,0.3,0.13209230809092126,3
2.0,1.5,0.3,0.1178211854731081,3
2.5,1.5,0.3,0.17967693630765053,3
3.0,1.5,0.3,0.21238558781169076,3
3.5,1.5,0.3,0.0916804242960595,3
4.0,1.5,0.3,0.051193809851175484,3
4.5,1.5,0.3,0.08863997015641009,3
5.0,1.5,0.3,0.10753111994471029,3
5.5,1.5,0.3,0.05078761607257953,3
6.0,1.5,0.3,0.10182433418887117,3
6.5,1.5,0.3,0.04260266318265206,3
7.0,1.5,0.3,0.1230009219821494,3
7.5,1.5,0.3,0.012297200018245934,3
8.0,1.5,0.3,0.019729304262807904,3
8.5,1.5,0.3,0.0632527317833445,3
9.0,1.5,0.3,0.08819774755348136,3
9.5,1.5,0.3,0.09572539648187134,3
10.0,1.5,0.3,0.010843614905552662,3
10.5,1.5,0.3,0.04221262537621456,3
11.0,1.5,0.3,0.06457436994784431,3
11.5,1.5,0.3,0.1055612854817349,3
12.0,1.5,0.3,0.0,3
12.5,1.5,0.3,0.0,3
13.0,1.5,0.3,0.05003015740415226,3
13.5,1.5,0.3,0.010979894692517957,3
14.0,1.5,0.3,0.08880147863009696,3
14.5,1.5,0.3,0.02073729630111481,3
15.0,1.5,0.3,0.033943100842470215,3
15.5,1.5,0.3,0.0,3
16.0,1.5,0.3,0.02859336090532475,3
16.5,1.5,0.3,0.07444203969107278,3
17.0,1.5,0.3,0.0,3
17.5,1.5,0.3,0.0,3
18.0,1.5,0.3,0.05410826971075801,3
18.5,1.5,0.3,0.0,3
19.0,1.5,0.3,0.01085711299921885,3
19.5,1.5,0.3,0.0,3
20.0,1.5,0.3,0.053637566087561414,3
0.0,1.5,0.8,0.0,3
0.5,1.5,0.8,0.09463165261372361,3
1.0,1.5,0.8,0.1834572983471175,3
1.5,1.5,0.8,0.2032073315279701,3
2.0,1.5,0.8,0.11063804026280312,3
2.5,1.5,0.8,0.24349905663874988,3
3.0,1.5,0.8,0.1519870591920432,3
3.5,1.5,0.8,0.209843944695149,3
4.0,1.5,0.8,0.16255381255963025,3
4.5,1.5,0.8,0.16059126672623128,3
5.0,1.5,0.8,0.11506827758958188,3
5.5,1.5,0.8,0.08453248188859984,3
6.0,1.5,0.8,0.13157796546724432,3
6.5,1.5,0.8,0.1229826752264857,3
7.0,1.5,0.8,0.15147130906778145,3
7.5,1.5,0.8,0.11776729709667949,3
8.0,1.5,0.8,0.04661014824123582,3
8.5,1.5,0.8,0.13167914577693765,3
9.0,1.5,0.8,0.17605139827942998,3
9.5,1.5,0.8,0.09485103625598731,3
10.0,1.5,0.8,0.04336557593742912,3
10.5,1.5,0.8,0.0,3
11.0,1.5,0.8,0.04687449328452357,3
11.5,1.5,0.8,0.0,3
12.0,1.5,0.8,0.0736740309847885,3
12.5,1.5,0.8,0.011372258565462316,3
13.0,1.5,0.8,0.0,3
13.5,1.5,0.8,0.03710993666383238,3
14.0,1.5,0.8,0.0,3
14.5,1.5,0.8,0.0,3
15.0,1.5,0.8,0.0,3
15.5,1.5,0.8,0.07604893535249903,3
16.0,1.5,0.8,0.0,3
16.5,1.5,0.8,0.05549899299778215,3
17.0,1.5,0.8,0.0,3
17.5,1.5,0.8,0.006121886339546771,3
18.0,1.5,0.8,0.03375747330325849,3
18.5,1.5,0.8,0.09650493297967726,3
19.0,1.5,0.8,0.0,3
19.5,1.5,0.8,0.0022754960709023457,3
20.0,1.5,0.8,0.0,3
0.0,1.5,1.3,0.013688569698391226,3
0.5,1.5,1.3,0.06350801600960354,3
1.0,1.5,1.3,0.14534863515948254,3
1.5,1.5,1.3,0.12457402709426371,3
2.0,1.5,1.3,0.14031013034266476,3
2.5,1.5,1.3,0.18397378416985913,3
3.0,1.5,1.3,0.22913412397125313,3
3.5,1.5,1.3,0.15306897222911703,3
4.0,1.5,1.3,0.13568343674847402,3
4.5,1.5,1.3,0.09340138252365701,3
5.0,1.5,1.3,0.18280273721227613,3
5.5,1.5,1.3,0.0,3
6.0,1.5,1.3,0.0,3
6.5,1.5,1.3,0.03306307029704457,3
7.0,1.5,1.3,0.08529355547620107,3
7.5,1.5,1.3,0.10281553490033934,3
8.0,1.5,1.3,0.07703382628582989,3
8.5,1.5,1.3,0.08012983460093676,3
9.0,1.5,1.3,0.04540407530025878,3
9.5,1.5,1.3,0.009085676589674418,3
10.0,1.5,1.3,0.0,3
10.5,1.5,1.3,0.04701428937992502,3
11.0,1.5,1.3,0.0,3
11.5,1.5,1.3,0.0395580762765832,3
12.0,1.5,1.3,0.05311289414699948,3
12.5,1.5,1.3,0.0,3
13.0,1.5,1.3,0.0,3
13.5,1.5,1.3,0.0,3
14.0,1.5,1.3,0.04296921387108495,3
14.5,1.5,1.3,0.015364378283248024,3
15.0,1.5,1.3,0.0,3
15.5,1.5,1.3,0.018771914691055675,3
16.0,1.5,1.3,0.07966309115556636,3
16.5,1.5,1.3,0.017849515365903627,3
17.0,1.5,1.3,0.00942858572188556,3
17.5,1.5,1.3,0.0,3
18.0,1.5,1.3,0.0,3
18.5,1.5,1.3,0.0017972153185241374,3
19.0,1.5,1.3,0.00451912796568869,3
19.5,1.5,1.3,0.0,3
20.0,1.5,1.3,0.059404088745643985,3
